{
  "accuracy": 0.7233,
  "roc_auc": 0.838,
  "best_model": "Logistic Regression",
  "report": {
    "0": {
      "precision": 0.5190839694656488,
      "recall": 0.7727272727272727,
      "f1-score": 0.6210045662100456,
      "support": 88.0
    },
    "1": {
      "precision": 0.8816568047337278,
      "recall": 0.7028301886792453,
      "f1-score": 0.7821522309711286,
      "support": 212.0
    },
    "accuracy": 0.7233333333333334,
    "macro avg": {
      "precision": 0.7003703870996882,
      "recall": 0.7377787307032591,
      "f1-score": 0.7015783985905871,
      "support": 300.0
    },
    "weighted avg": {
      "precision": 0.7753021063884246,
      "recall": 0.7233333333333334,
      "f1-score": 0.7348822493078777,
      "support": 300.0
    }
  },
  "features": [
    "age",
    "annual_income",
    "loan_amount",
    "credit_score",
    "employment_years",
    "existing_loans",
    "dependents",
    "missed_payments",
    "debt_to_income_ratio",
    "education",
    "employment_type",
    "residence_type",
    "marital_status",
    "loan_purpose"
  ],
  "comparison": {
    "Logistic Regression": {
      "accuracy": 0.7233,
      "roc_auc": 0.838
    },
    "Random Forest": {
      "accuracy": 0.7967,
      "roc_auc": 0.798
    }
  },
  "confusion_matrix": [
    [
      68,
      20
    ],
    [
      63,
      149
    ]
  ],
  "roc_fpr": [
    0.0,
    0.0,
    0.0,
    0.011363636363636364,
    0.011363636363636364,
    0.03409090909090909,
    0.03409090909090909,
    0.045454545454545456,
    0.045454545454545456,
    0.056818181818181816,
    0.056818181818181816,
    0.06818181818181818,
    0.06818181818181818,
    0.07954545454545454,
    0.07954545454545454,
    0.09090909090909091,
    0.09090909090909091,
    0.11363636363636363,
    0.11363636363636363,
    0.13636363636363635,
    0.13636363636363635,
    0.14772727272727273,
    0.14772727272727273,
    0.1590909090909091,
    0.1590909090909091,
    0.18181818181818182,
    0.18181818181818182,
    0.20454545454545456,
    0.20454545454545456,
    0.22727272727272727,
    0.22727272727272727,
    0.23863636363636365,
    0.23863636363636365,
    0.25,
    0.25,
    0.26136363636363635,
    0.26136363636363635,
    0.2727272727272727,
    0.2727272727272727,
    0.2840909090909091,
    0.2840909090909091,
    0.29545454545454547,
    0.29545454545454547,
    0.3068181818181818,
    0.3068181818181818,
    0.3181818181818182,
    0.3181818181818182,
    0.36363636363636365,
    0.36363636363636365,
    0.3977272727272727,
    0.3977272727272727,
    0.4090909090909091,
    0.4090909090909091,
    0.42045454545454547,
    0.42045454545454547,
    0.4318181818181818,
    0.4318181818181818,
    0.4431818181818182,
    0.4431818181818182,
    0.4659090909090909,
    0.4659090909090909,
    0.5,
    0.5,
    0.5454545454545454,
    0.5454545454545454,
    0.5568181818181818,
    0.5568181818181818,
    0.5681818181818182,
    0.5681818181818182,
    0.5795454545454546,
    0.5795454545454546,
    0.6022727272727273,
    0.6022727272727273,
    0.6136363636363636,
    0.6136363636363636,
    0.625,
    0.625,
    0.6363636363636364,
    0.6363636363636364,
    0.6590909090909091,
    0.6590909090909091,
    0.6818181818181818,
    0.6818181818181818,
    0.7727272727272727,
    0.7727272727272727,
    0.9545454545454546,
    0.9545454545454546,
    1.0
  ],
  "roc_tpr": [
    0.0,
    0.0047169811320754715,
    0.11320754716981132,
    0.11320754716981132,
    0.32075471698113206,
    0.32075471698113206,
    0.36792452830188677,
    0.36792452830188677,
    0.39622641509433965,
    0.39622641509433965,
    0.5424528301886793,
    0.5424528301886793,
    0.5471698113207547,
    0.5471698113207547,
    0.5707547169811321,
    0.5707547169811321,
    0.6037735849056604,
    0.6037735849056604,
    0.6367924528301887,
    0.6367924528301887,
    0.6462264150943396,
    0.6462264150943396,
    0.6650943396226415,
    0.6650943396226415,
    0.6698113207547169,
    0.6698113207547169,
    0.6792452830188679,
    0.6792452830188679,
    0.6839622641509434,
    0.6839622641509434,
    0.7122641509433962,
    0.7122641509433962,
    0.7311320754716981,
    0.7311320754716981,
    0.7358490566037735,
    0.7358490566037735,
    0.7452830188679245,
    0.7452830188679245,
    0.7547169811320755,
    0.7547169811320755,
    0.7783018867924528,
    0.7783018867924528,
    0.8018867924528302,
    0.8018867924528302,
    0.8066037735849056,
    0.8066037735849056,
    0.8160377358490566,
    0.8160377358490566,
    0.839622641509434,
    0.839622641509434,
    0.8443396226415094,
    0.8443396226415094,
    0.8490566037735849,
    0.8490566037735849,
    0.8537735849056604,
    0.8537735849056604,
    0.8773584905660378,
    0.8773584905660378,
    0.8820754716981132,
    0.8820754716981132,
    0.8915094339622641,
    0.8915094339622641,
    0.9150943396226415,
    0.9150943396226415,
    0.9198113207547169,
    0.9198113207547169,
    0.9245283018867925,
    0.9245283018867925,
    0.9433962264150944,
    0.9433962264150944,
    0.9481132075471698,
    0.9481132075471698,
    0.9528301886792453,
    0.9528301886792453,
    0.9575471698113207,
    0.9575471698113207,
    0.9622641509433962,
    0.9622641509433962,
    0.9764150943396226,
    0.9764150943396226,
    0.9858490566037735,
    0.9858490566037735,
    0.9905660377358491,
    0.9905660377358491,
    0.9952830188679245,
    0.9952830188679245,
    1.0,
    1.0
  ],
  "lr_accuracy": 0.7233,
  "lr_roc_auc": 0.838,
  "rf_accuracy": 0.7967,
  "rf_roc_auc": 0.798
}